{"count":1,"self":17.666392,"total":116.037071,"children":{"InitializeActuators":{"count":12,"self":0.0019946,"total":0.0019946,"children":null},"InitializeSensors":{"count":12,"self":0.0020572999999999998,"total":0.0020572999999999998,"children":null},"AgentSendState":{"count":37617,"self":0.1548625,"total":0.7304993,"children":{"CollectObservations":{"count":90288,"self":0.1320197,"total":0.1320197,"children":null},"WriteActionMask":{"count":90288,"self":0.0223526,"total":0.0223526,"children":null},"RequestDecision":{"count":90288,"self":0.1288962,"total":0.4212645,"children":{"AgentInfo.ToProto":{"count":90288,"self":0.1014313,"total":0.29236829999999997,"children":{"GenerateSensorData":{"count":90288,"self":0.190937,"total":0.190937,"children":null}}}}}}},"DecideAction":{"count":37617,"self":95.5734016,"total":95.5734021,"children":null},"AgentAct":{"count":37617,"self":2.0432722,"total":2.0617275999999998,"children":{"AgentInfo.ToProto":{"count":1804,"self":0.0047688999999999995,"total":0.0184554,"children":{"GenerateSensorData":{"count":1804,"self":0.013686499999999999,"total":0.013686499999999999,"children":null}}}}}},"gauges":{"3DBall.CumulativeReward":{"count":1804,"max":100.099045,"min":1.41561031E-07,"runningAverage":3.69317746,"value":100.099045,"weightedAverage":76.87747}},"metadata":{"timer_format_version":"0.1.0","start_time_seconds":"1705368452","unity_version":"2022.3.14f1","command_line_arguments":"C:\\Program Files\\Unity\\Hub\\Editor\\2022.3.14f1\\Editor\\Unity.exe -projectpath C:\\Users\\user\\Desktop\\MLTEST -useHub -hubIPC -cloudEnvironment production","communication_protocol_version":"1.5.0","com.unity.ml-agents_version":"2.3.0-exp.3","scene_name":"3DBall","end_time_seconds":"1705368568"}}