{"count":1,"self":485.0968064,"total":6916.5446395,"children":{"InitializeActuators":{"count":50,"self":0.0019946,"total":0.0019946,"children":null},"InitializeSensors":{"count":50,"self":0.0039603,"total":0.0039603,"children":null},"AgentSendState":{"count":1000067,"self":141.0504576,"total":272.0926597,"children":{"CollectObservations":{"count":10000700,"self":17.3716464,"total":17.3716468,"children":null},"WriteActionMask":{"count":10000700,"self":1.8497468,"total":1.8497468,"children":null},"RequestDecision":{"count":10000700,"self":11.5199512,"total":111.82081149999999,"children":{"AgentInfo.ToProto":{"count":5000350,"self":5.6159919999999994,"total":100.3008606,"children":{"GenerateSensorData":{"count":5000350,"self":84.151180799999992,"total":94.6848684,"children":{"RayPerceptionSensor.Perceive":{"count":10000700,"self":10.5336888,"total":10.5336891,"children":null}}}}}}}}},"DecideAction":{"count":1000067,"self":5888.8953856,"total":5888.8952283,"children":null},"AgentAct":{"count":1000065,"self":265.4327296,"total":268.8285772,"children":{"AgentInfo.ToProto":{"count":129824,"self":0.33361969999999996,"total":3.3958356999999997,"children":{"GenerateSensorData":{"count":129824,"self":2.7323644,"total":3.062216,"children":{"RayPerceptionSensor.Perceive":{"count":259648,"self":0.32985169999999997,"total":0.32985169999999997,"children":null}}}}}}},"AgentInfo.ToProto":{"count":56212,"self":0.1785236,"total":1.6254035,"children":{"GenerateSensorData":{"count":56212,"self":1.3251902,"total":1.4468798999999999,"children":{"RayPerceptionSensor.Perceive":{"count":112424,"self":0.1216897,"total":0.1216897,"children":null}}}}}},"gauges":{"MoveAndSearch.CumulativeReward":{"count":186036,"max":3.9766674,"min":-1.95530617,"runningAverage":0.744476,"value":0.947000146,"weightedAverage":0.9648832},"Attack.CumulativeReward":{"count":186036,"max":1,"min":-1.53014374,"runningAverage":0.48454234,"value":0.889999866,"weightedAverage":0.8455226}},"metadata":{"timer_format_version":"0.1.0","start_time_seconds":"1722582768","unity_version":"2022.3.14f1","command_line_arguments":"C:\\Program Files\\Unity\\Hub\\Editor\\2022.3.14f1\\Editor\\Unity.exe -projectpath C:\\Users\\user\\Desktop\\Project_ML-Agents_Module\\MLTEST -useHub -hubIPC -cloudEnvironment production","communication_protocol_version":"1.5.0","com.unity.ml-agents_version":"2.3.0-exp.3","scene_name":"MoveModule","end_time_seconds":"1722589685"}}